{
    "node.js": {
        "1": "cd ../repo && npm i && node ${fileToRun} && echo 'server start good'"
    },
    "python": {
        "1": "cd ../repo && python ${fileToRun} && echo 'server start good'"
    },
    "java": {
        "1": "cd ../repo && javac ${fileToRun} && echo 'server start good'",
        "2": "cd ../repo && java ${fileToRun} && echo 'server start good'"
    },
    "c++": {
        "1": "cd ../repo && g++ ${fileToRun}.cpp -o ${fileToRun}.exe && echo 'c++ compile good'",
        "2": "cd ../repo && ${fileToRun} && echo 'c++ start good'"
    }

}